"","V1","V2"
"11","abilities",0.4
"12","ability",0.4
"13","aboard",0.2
"16","absolve",0.4
"17","absolved",0.4
"18","absolves",0.4
"19","absolving",0.4
"20","absorbed",0.2
"25","accept",0.2
"26","accepted",0.2
"27","accepting",0.2
"28","accepts",0.2
"33","accomplish",0.4
"34","accomplished",0.4
"35","accomplishes",0.4
"43","achievable",0.2
"45","acquit",0.4
"46","acquits",0.4
"47","acquitted",0.4
"48","acquitting",0.4
"50","active",0.2
"51","adequate",0.2
"52","admire",0.6
"53","admired",0.6
"54","admires",0.6
"55","admiring",0.6
"61","adopt",0.2
"62","adopts",0.2
"63","adorable",0.6
"64","adore",0.6
"65","adored",0.6
"66","adores",0.6
"67","advanced",0.2
"68","advantage",0.4
"69","advantages",0.4
"70","adventure",0.4
"71","adventures",0.4
"72","adventurous",0.4
"74","affection",0.6
"75","affectionate",0.6
"87","agog",0.4
"96","agree",0.2
"97","agreeable",0.4
"98","agreed",0.2
"99","agreement",0.2
"100","agrees",0.2
"108","alive",0.2
"110","allow",0.2
"112","amaze",0.4
"113","amazed",0.4
"114","amazes",0.4
"115","amazing",0.8
"116","ambitious",0.4
"118","amuse",0.6
"119","amused",0.6
"120","amusement",0.6
"121","amusements",0.6
"135","anticipation",0.2
"153","appease",0.4
"154","appeased",0.4
"155","appeases",0.4
"156","appeasing",0.4
"157","applaud",0.4
"158","applauded",0.4
"159","applauding",0.4
"160","applauds",0.4
"161","applause",0.4
"162","appreciate",0.4
"163","appreciated",0.4
"164","appreciates",0.4
"165","appreciating",0.4
"166","appreciation",0.4
"168","approval",0.4
"169","approved",0.4
"170","approves",0.4
"171","ardent",0.2
"181","asset",0.4
"182","assets",0.4
"185","astonished",0.4
"186","astound",0.6
"187","astounded",0.6
"188","astounding",0.6
"189","astoundingly",0.6
"190","astounds",0.6
"195","attract",0.2
"196","attracted",0.2
"197","attracting",0.4
"198","attraction",0.4
"199","attractions",0.4
"200","attracts",0.2
"201","audacious",0.6
"202","authority",0.2
"206","avid",0.4
"213","award",0.6
"214","awarded",0.6
"215","awards",0.6
"216","awesome",0.8
"221","backed",0.2
"222","backing",0.4
"223","backs",0.2
"236","bargain",0.4
"243","beatific",0.6
"245","beauties",0.6
"246","beautiful",0.6
"247","beautifully",0.6
"248","beautify",0.6
"251","beloved",0.6
"252","benefit",0.4
"253","benefits",0.4
"254","benefitted",0.4
"255","benefitting",0.4
"260","best",0.6
"266","better",0.4
"269","big",0.2
"280","bless",0.4
"281","blesses",0.4
"282","blessing",0.6
"284","bliss",0.6
"285","blissful",0.6
"286","blithe",0.4
"288","blockbuster",0.6
"295","bold",0.4
"296","boldly",0.4
"298","boost",0.2
"299","boosted",0.2
"300","boosting",0.2
"301","boosts",0.2
"314","brave",0.4
"315","breakthrough",0.6
"316","breathtaking",1
"318","bright",0.2
"319","brightest",0.4
"320","brightness",0.2
"321","brilliant",0.8
"322","brisk",0.4
"331","buoyant",0.4
"336","calm",0.4
"337","calmed",0.4
"338","calming",0.4
"339","calms",0.4
"346","capable",0.2
"347","captivated",0.6
"348","care",0.4
"349","carefree",0.2
"350","careful",0.4
"351","carefully",0.4
"353","cares",0.4
"359","celebrate",0.6
"360","celebrated",0.6
"361","celebrates",0.6
"362","celebrating",0.6
"366","certain",0.2
"370","chance",0.4
"371","chances",0.4
"376","charm",0.6
"377","charming",0.6
"388","cheer",0.4
"389","cheered",0.4
"390","cheerful",0.4
"391","cheering",0.4
"393","cheers",0.4
"394","cheery",0.6
"395","cherish",0.4
"396","cherished",0.4
"397","cherishes",0.4
"398","cherishing",0.4
"399","chic",0.4
"406","clarifies",0.4
"407","clarity",0.4
"409","classy",0.6
"410","clean",0.4
"411","cleaner",0.4
"412","clear",0.2
"413","cleared",0.2
"414","clearly",0.2
"415","clears",0.2
"416","clever",0.4
"436","comedy",0.2
"437","comfort",0.4
"438","comfortable",0.4
"439","comforting",0.4
"440","comforts",0.4
"441","commend",0.4
"442","commended",0.4
"443","commit",0.2
"444","commitment",0.4
"445","commits",0.2
"446","committed",0.2
"447","committing",0.2
"448","compassionate",0.4
"449","compelled",0.2
"450","competent",0.4
"451","competitive",0.4
"456","comprehensive",0.4
"457","conciliate",0.4
"458","conciliated",0.4
"459","conciliates",0.4
"460","conciliating",0.4
"465","confidence",0.4
"466","confident",0.4
"474","congrats",0.4
"475","congratulate",0.4
"476","congratulation",0.4
"477","congratulations",0.4
"478","consent",0.4
"479","consents",0.4
"480","consolable",0.4
"496","convince",0.2
"497","convinced",0.2
"498","convinces",0.2
"499","convivial",0.4
"500","cool",0.2
"501","cool stuff",0.6
"505","courage",0.4
"506","courageous",0.4
"507","courteous",0.4
"508","courtesy",0.4
"512","coziness",0.4
"519","creative",0.4
"543","curious",0.2
"546","cute",0.4
"558","daredevil",0.4
"559","daring",0.4
"562","dauntless",0.4
"566","dear",0.4
"567","dearly",0.6
"569","debonair",0.4
"578","decisive",0.2
"579","dedicated",0.4
"583","defender",0.4
"584","defenders",0.4
"603","delight",0.6
"604","delighted",0.6
"605","delighting",0.6
"606","delights",0.6
"631","desirable",0.4
"632","desire",0.2
"633","desired",0.4
"634","desirous",0.4
"651","determined",0.4
"655","devoted",0.6
"656","diamond",0.2
"785","dream",0.2
"786","dreams",0.2
"805","eager",0.4
"806","earnest",0.4
"807","ease",0.4
"808","easy",0.2
"809","ecstatic",0.8
"812","effective",0.4
"813","effectively",0.4
"814","elated",0.6
"815","elation",0.6
"816","elegant",0.4
"817","elegantly",0.4
"824","embrace",0.2
"826","empathetic",0.4
"829","enchanted",0.4
"830","encourage",0.4
"831","encouraged",0.4
"832","encouragement",0.4
"833","encourages",0.4
"834","endorse",0.4
"835","endorsed",0.4
"836","endorsement",0.4
"837","endorses",0.4
"840","energetic",0.4
"841","engage",0.2
"842","engages",0.2
"843","engrossed",0.2
"844","enjoy",0.4
"845","enjoying",0.4
"846","enjoys",0.4
"847","enlighten",0.4
"848","enlightened",0.4
"849","enlightening",0.4
"850","enlightens",0.4
"856","enrapture",0.6
"860","ensure",0.2
"861","ensuring",0.2
"862","enterprising",0.2
"863","entertaining",0.4
"864","enthral",0.6
"865","enthusiastic",0.6
"866","entitled",0.2
"867","entrusted",0.4
"878","esteemed",0.4
"879","ethical",0.4
"880","euphoria",0.6
"881","euphoric",0.8
"888","exasperated",0.4
"889","excellence",0.6
"890","excellent",0.6
"891","excite",0.6
"892","excited",0.6
"893","excitement",0.6
"894","exciting",0.6
"898","exclusive",0.4
"902","exhilarated",0.6
"903","exhilarates",0.6
"904","exhilarating",0.6
"905","exonerate",0.4
"906","exonerated",0.4
"907","exonerates",0.4
"908","exonerating",0.4
"909","expand",0.2
"910","expands",0.2
"919","exploration",0.2
"920","explorations",0.2
"925","extend",0.2
"926","extends",0.2
"927","exuberant",0.8
"928","exultant",0.6
"929","exultantly",0.6
"930","fabulous",0.8
"942","fair",0.4
"943","faith",0.2
"944","faithful",0.6
"952","fame",0.2
"953","fan",0.6
"954","fantastic",0.8
"956","fascinate",0.6
"957","fascinated",0.6
"958","fascinates",0.6
"959","fascinating",0.6
"968","favor",0.4
"969","favored",0.4
"970","favorite",0.4
"971","favorited",0.4
"972","favorites",0.4
"973","favors",0.4
"977","fearless",0.4
"981","feeling",0.2
"984","fervent",0.4
"985","fervid",0.4
"986","festive",0.4
"990","fine",0.4
"994","fit",0.2
"995","fitness",0.2
"996","flagship",0.4
"1002","focused",0.4
"1003","fond",0.4
"1004","fondness",0.4
"1013","forgive",0.2
"1014","forgiving",0.2
"1016","fortunate",0.4
"1024","free",0.2
"1025","freedom",0.4
"1027","fresh",0.2
"1028","friendly",0.4
"1033","frisky",0.4
"1040","ftw",0.6
"1052","fulfill",0.4
"1053","fulfilled",0.4
"1054","fulfills",0.4
"1056","fun",0.8
"1059","funky",0.4
"1060","funnier",0.8
"1061","funny",0.8
"1063","futile",0.4
"1066","gain",0.4
"1067","gained",0.4
"1068","gaining",0.4
"1069","gains",0.4
"1070","gallant",0.6
"1071","gallantly",0.6
"1072","gallantry",0.6
"1073","generous",0.4
"1074","genial",0.6
"1077","gift",0.4
"1078","glad",0.6
"1079","glamorous",0.6
"1080","glamourous",0.6
"1081","glee",0.6
"1082","gleeful",0.6
"1085","glorious",0.4
"1086","glory",0.4
"1088","god",0.2
"1090","godsend",0.8
"1091","good",0.6
"1092","goodness",0.6
"1093","grace",0.2
"1094","gracious",0.6
"1095","grand",0.6
"1096","grant",0.2
"1097","granted",0.2
"1098","granting",0.2
"1099","grants",0.2
"1100","grateful",0.6
"1101","gratification",0.4
"1104","great",0.6
"1105","greater",0.6
"1106","greatest",0.6
"1115","greet",0.2
"1116","greeted",0.2
"1117","greeting",0.2
"1118","greetings",0.4
"1119","greets",0.2
"1124","growing",0.2
"1125","growth",0.4
"1126","guarantee",0.2
"1132","ha",0.4
"1134","haha",0.6
"1135","hahaha",0.6
"1136","hahahah",0.6
"1137","hail",0.4
"1138","hailed",0.4
"1141","happiness",0.6
"1142","happy",0.6
"1144","hardier",0.4
"1146","hardy",0.4
"1163","haunting",0.2
"1166","healthy",0.4
"1169","heartfelt",0.6
"1170","heaven",0.4
"1171","heavenly",0.8
"1174","help",0.4
"1175","helpful",0.4
"1176","helping",0.4
"1178","helps",0.4
"1179","hero",0.4
"1180","heroes",0.4
"1181","heroic",0.6
"1188","highlight",0.4
"1189","hilarious",0.4
"1193","honest",0.4
"1194","honor",0.4
"1195","honored",0.4
"1196","honoring",0.4
"1197","honour",0.4
"1198","honoured",0.4
"1199","honouring",0.4
"1203","hope",0.4
"1204","hopeful",0.4
"1205","hopefully",0.4
"1208","hopes",0.4
"1209","hoping",0.4
"1216","hug",0.4
"1217","huge",0.2
"1218","hugs",0.4
"1219","humerous",0.6
"1222","humor",0.4
"1223","humorous",0.4
"1224","humour",0.4
"1225","humourous",0.4
"1227","hurrah",1
"1249","immortal",0.4
"1250","immune",0.2
"1253","importance",0.4
"1254","important",0.4
"1260","impress",0.6
"1261","impressed",0.6
"1262","impresses",0.6
"1263","impressive",0.6
"1265","improve",0.4
"1266","improved",0.4
"1267","improvement",0.4
"1268","improves",0.4
"1269","improving",0.4
"1281","increase",0.2
"1282","increased",0.2
"1284","indestructible",0.4
"1295","infatuated",0.4
"1296","infatuation",0.4
"1300","influential",0.4
"1310","innovate",0.2
"1311","innovates",0.2
"1312","innovation",0.2
"1313","innovative",0.4
"1315","inquisitive",0.4
"1323","inspiration",0.4
"1324","inspirational",0.4
"1325","inspire",0.4
"1326","inspired",0.4
"1327","inspires",0.4
"1328","inspiring",0.6
"1333","intact",0.4
"1334","integrity",0.4
"1335","intelligent",0.4
"1336","intense",0.2
"1337","interest",0.2
"1338","interested",0.4
"1339","interesting",0.4
"1340","interests",0.2
"1352","intricate",0.4
"1353","intrigues",0.2
"1354","invincible",0.4
"1355","invite",0.2
"1356","inviting",0.2
"1357","invulnerable",0.4
"1362","irresistible",0.4
"1364","irresponsible",0.4
"1374","jaunty",0.4
"1378","jesus",0.2
"1379","jewel",0.2
"1380","jewels",0.2
"1381","jocular",0.4
"1382","join",0.2
"1383","joke",0.4
"1384","jokes",0.4
"1385","jolly",0.4
"1386","jovial",0.4
"1387","joy",0.6
"1388","joyful",0.6
"1389","joyfully",0.6
"1391","joyous",0.6
"1392","jubilant",0.6
"1394","justice",0.4
"1395","justifiably",0.4
"1396","justified",0.4
"1397","keen",0.2
"1402","kind",0.4
"1403","kinder",0.4
"1404","kiss",0.4
"1405","kudos",0.6
"1413","landmark",0.4
"1414","laugh",0.2
"1415","laughed",0.2
"1416","laughing",0.2
"1417","laughs",0.2
"1418","laughting",0.2
"1419","launched",0.2
"1420","lawl",0.6
"1427","legal",0.2
"1428","legally",0.2
"1429","lenient",0.2
"1436","lifesaver",0.8
"1437","lighthearted",0.2
"1438","like",0.4
"1439","liked",0.4
"1440","likes",0.4
"1446","lively",0.4
"1448","lmao",0.8
"1449","lmfao",0.8
"1456","lol",0.6
"1470","lovable",0.6
"1471","love",0.6
"1472","loved",0.6
"1473","lovelies",0.6
"1474","lovely",0.6
"1475","loving",0.4
"1477","loyal",0.6
"1478","loyalty",0.6
"1479","luck",0.6
"1480","luckily",0.6
"1481","lucky",0.6
"1497","marvel",0.6
"1498","marvelous",0.6
"1499","marvels",0.6
"1500","masterpiece",0.8
"1501","masterpieces",0.8
"1502","matter",0.2
"1503","matters",0.2
"1504","mature",0.4
"1505","meaningful",0.4
"1507","medal",0.6
"1509","meditative",0.2
"1513","mercy",0.4
"1514","merry",0.6
"1518","methodical",0.4
"1520","miracle",0.8
"1521","mirth",0.6
"1522","mirthful",0.6
"1523","mirthfully",0.6
"1570","motivate",0.2
"1571","motivated",0.4
"1572","motivating",0.4
"1573","motivation",0.2
"1589","natural",0.2
"1601","nice",0.6
"1602","nifty",0.4
"1607","noble",0.4
"1615","novel",0.4
"1622","obsessed",0.4
"1634","oks",0.4
"1635","ominous",0.6
"1636","once-in-a-lifetime",0.6
"1637","opportunities",0.4
"1638","opportunity",0.4
"1641","optimism",0.4
"1642","optimistic",0.4
"1648","outreach",0.4
"1649","outstanding",1
"1650","overjoyed",0.8
"1673","paradise",0.6
"1675","pardon",0.4
"1676","pardoned",0.4
"1677","pardoning",0.4
"1678","pardons",0.4
"1680","passionate",0.4
"1685","peace",0.4
"1686","peaceful",0.4
"1687","peacefully",0.4
"1690","perfect",0.6
"1691","perfected",0.4
"1692","perfectly",0.6
"1693","perfects",0.4
"1709","picturesque",0.4
"1719","playful",0.4
"1720","pleasant",0.6
"1721","please",0.2
"1722","pleased",0.6
"1723","pleasure",0.6
"1736","popular",0.6
"1737","positive",0.4
"1738","positively",0.4
"1745","powerful",0.4
"1747","praise",0.6
"1748","praised",0.6
"1749","praises",0.6
"1750","praising",0.6
"1751","pray",0.2
"1752","praying",0.2
"1753","prays",0.2
"1756","prepared",0.2
"1762","pretty",0.2
"1771","privileged",0.4
"1772","proactive",0.4
"1776","progress",0.4
"1777","prominent",0.4
"1778","promise",0.2
"1779","promised",0.2
"1780","promises",0.2
"1781","promote",0.2
"1782","promoted",0.2
"1783","promotes",0.2
"1784","promoting",0.2
"1790","prospect",0.2
"1791","prospects",0.2
"1792","prosperous",0.6
"1793","protect",0.2
"1794","protected",0.2
"1795","protects",0.2
"1800","proud",0.4
"1801","proudly",0.4
"1829","rapture",0.4
"1830","raptured",0.4
"1831","raptures",0.4
"1832","rapturous",0.8
"1834","ratified",0.4
"1835","reach",0.2
"1836","reached",0.2
"1837","reaches",0.2
"1838","reaching",0.2
"1839","reassure",0.2
"1840","reassured",0.2
"1841","reassures",0.2
"1842","reassuring",0.4
"1846","recommend",0.4
"1847","recommended",0.4
"1848","recommends",0.4
"1849","redeemed",0.4
"1862","rejoice",0.8
"1863","rejoiced",0.8
"1864","rejoices",0.8
"1865","rejoicing",0.8
"1866","relaxed",0.4
"1868","reliant",0.4
"1869","relieve",0.2
"1870","relieved",0.4
"1871","relieves",0.2
"1872","relieving",0.4
"1873","relishing",0.4
"1874","remarkable",0.4
"1878","rescue",0.4
"1879","rescued",0.4
"1880","rescues",0.4
"1886","resolute",0.4
"1887","resolve",0.4
"1888","resolved",0.4
"1889","resolves",0.4
"1890","resolving",0.4
"1891","respected",0.4
"1892","responsible",0.4
"1893","responsive",0.4
"1894","restful",0.4
"1896","restore",0.2
"1897","restored",0.2
"1898","restores",0.2
"1899","restoring",0.2
"1911","revered",0.4
"1912","revive",0.4
"1913","revives",0.4
"1914","reward",0.4
"1915","rewarded",0.4
"1916","rewarding",0.4
"1917","rewards",0.4
"1918","rich",0.4
"1922","right direction",0.6
"1923","rigorous",0.6
"1924","rigorously",0.6
"1934","robust",0.4
"1935","rofl",0.8
"1936","roflcopter",0.8
"1937","roflmao",0.8
"1938","romance",0.4
"1939","rotfl",0.8
"1940","rotflmfao",0.8
"1941","rotflol",0.8
"1951","safe",0.2
"1952","safely",0.2
"1953","safety",0.2
"1954","salient",0.2
"1957","satisfied",0.4
"1958","save",0.4
"1959","saved",0.4
"1972","scoop",0.6
"1982","secure",0.4
"1983","secured",0.4
"1984","secures",0.4
"1988","self-confident",0.4
"1996","serene",0.4
"1998","sexy",0.6
"2003","share",0.2
"2004","shared",0.2
"2005","shares",0.2
"2023","significance",0.2
"2024","significant",0.2
"2027","sincere",0.4
"2028","sincerely",0.4
"2029","sincerest",0.4
"2030","sincerity",0.4
"2044","slick",0.4
"2045","slicker",0.4
"2046","slickest",0.4
"2049","smart",0.2
"2050","smarter",0.4
"2051","smartest",0.4
"2053","smile",0.4
"2054","smiled",0.4
"2055","smiles",0.4
"2056","smiling",0.4
"2063","sobering",0.2
"2065","solid",0.4
"2066","solidarity",0.4
"2067","solution",0.2
"2068","solutions",0.2
"2069","solve",0.2
"2070","solved",0.2
"2071","solves",0.2
"2072","solving",0.2
"2076","soothe",0.6
"2077","soothed",0.6
"2078","soothing",0.6
"2079","sophisticated",0.4
"2088","spark",0.2
"2089","sparkle",0.6
"2090","sparkles",0.6
"2091","sparkling",0.6
"2093","spirit",0.2
"2094","spirited",0.4
"2097","splendid",0.6
"2098","sprightly",0.4
"2102","stable",0.4
"2107","stamina",0.4
"2114","steadfast",0.4
"2120","stimulate",0.2
"2121","stimulated",0.2
"2122","stimulates",0.2
"2123","stimulating",0.4
"2130","stout",0.4
"2131","straight",0.2
"2135","strength",0.4
"2136","strengthen",0.4
"2137","strengthened",0.4
"2138","strengthening",0.4
"2139","strengthens",0.4
"2147","strong",0.4
"2148","stronger",0.4
"2149","strongest",0.4
"2158","stunning",0.8
"2161","suave",0.4
"2162","substantial",0.2
"2163","substantially",0.2
"2165","success",0.4
"2166","successful",0.6
"2178","sunshine",0.4
"2179","super",0.6
"2180","superb",1
"2181","superior",0.4
"2182","support",0.4
"2183","supported",0.4
"2184","supporter",0.2
"2185","supporters",0.2
"2186","supporting",0.2
"2187","supportive",0.4
"2188","supports",0.4
"2189","survived",0.4
"2190","surviving",0.4
"2191","survivor",0.4
"2202","sweet",0.4
"2203","swift",0.4
"2204","swiftly",0.4
"2208","sympathetic",0.4
"2209","sympathy",0.4
"2212","tender",0.4
"2217","terrific",0.8
"2223","thank",0.4
"2224","thankful",0.4
"2225","thanks",0.4
"2227","thoughtful",0.4
"2235","thrilled",1
"2244","tolerant",0.4
"2246","top",0.4
"2247","tops",0.4
"2261","tranquil",0.4
"2269","treasure",0.4
"2270","treasures",0.4
"2275","triumph",0.8
"2276","triumphant",0.8
"2280","true",0.4
"2281","trust",0.2
"2282","trusted",0.4
"2292","unbiased",0.4
"2314","unequaled",0.4
"2321","unified",0.2
"2324","united",0.2
"2328","unmatched",0.2
"2337","unstoppable",0.4
"2340","untarnished",0.4
"2348","useful",0.4
"2349","usefulness",0.4
"2353","validate",0.2
"2354","validated",0.2
"2355","validates",0.2
"2356","validating",0.2
"2359","vested",0.2
"2362","vibrant",0.6
"2370","vigilant",0.6
"2372","vindicate",0.4
"2373","vindicated",0.4
"2374","vindicates",0.4
"2375","vindicating",0.4
"2382","virtuous",0.4
"2384","vision",0.2
"2385","visionary",0.6
"2386","visioning",0.2
"2387","visions",0.2
"2388","vitality",0.6
"2389","vitamin",0.2
"2391","vivacious",0.6
"2398","want",0.2
"2401","warm",0.2
"2402","warmth",0.4
"2414","wealth",0.6
"2415","wealthy",0.4
"2420","welcome",0.4
"2421","welcomed",0.4
"2422","welcomes",0.4
"2423","whimsical",0.2
"2428","willingness",0.4
"2429","win",0.8
"2430","winner",0.8
"2431","winning",0.8
"2432","wins",0.8
"2433","winwin",0.6
"2434","wish",0.2
"2435","wishes",0.2
"2436","wishing",0.2
"2440","won",0.6
"2441","wonderful",0.8
"2442","woo",0.6
"2443","woohoo",0.6
"2444","wooo",0.8
"2445","woow",0.8
"2455","worshiped",0.6
"2457","worth",0.4
"2459","worthy",0.4
"2460","wow",0.8
"2461","wowow",0.8
"2462","wowww",0.8
"2468","yeah",0.2
"2469","yearning",0.2
"2470","yeees",0.4
"2471","yes",0.2
"2472","youthful",0.4
"2474","yummy",0.6
"2477","zealous",0.4
"1","abandon",-0.4
"2","abandoned",-0.4
"3","abandons",-0.4
"4","abducted",-0.4
"5","abduction",-0.4
"6","abductions",-0.4
"7","abhor",-0.6
"8","abhorred",-0.6
"9","abhorrent",-0.6
"10","abhors",-0.6
"14","absentee",-0.2
"15","absentees",-0.2
"21","abuse",-0.6
"22","abused",-0.6
"23","abuses",-0.6
"24","abusive",-0.6
"29","accident",-0.4
"30","accidental",-0.4
"31","accidentally",-0.4
"32","accidents",-0.4
"36","accusation",-0.4
"37","accusations",-0.4
"38","accuse",-0.4
"39","accused",-0.4
"40","accuses",-0.4
"41","accusing",-0.4
"42","ache",-0.4
"44","aching",-0.4
"49","acrimonious",-0.6
"56","admit",-0.2
"57","admits",-0.2
"58","admitted",-0.2
"59","admonish",-0.4
"60","admonished",-0.4
"73","affected",-0.2
"76","afflicted",-0.2
"77","affronted",-0.2
"78","afraid",-0.4
"79","aggravate",-0.4
"80","aggravated",-0.4
"81","aggravates",-0.4
"82","aggravating",-0.4
"83","aggression",-0.4
"84","aggressions",-0.4
"85","aggressive",-0.4
"86","aghast",-0.4
"88","agonise",-0.6
"89","agonised",-0.6
"90","agonises",-0.6
"91","agonising",-0.6
"92","agonize",-0.6
"93","agonized",-0.6
"94","agonizes",-0.6
"95","agonizing",-0.6
"101","alarm",-0.4
"102","alarmed",-0.4
"103","alarmist",-0.4
"104","alarmists",-0.4
"105","alas",-0.2
"106","alert",-0.2
"107","alienation",-0.4
"109","allergic",-0.4
"111","alone",-0.4
"117","ambivalent",-0.2
"122","anger",-0.6
"123","angers",-0.6
"124","angry",-0.6
"125","anguish",-0.6
"126","anguished",-0.6
"127","animosity",-0.4
"128","annoy",-0.4
"129","annoyance",-0.4
"130","annoyed",-0.4
"131","annoying",-0.4
"132","annoys",-0.4
"133","antagonistic",-0.4
"134","anti",-0.2
"136","anxiety",-0.4
"137","anxious",-0.4
"138","apathetic",-0.6
"139","apathy",-0.6
"140","apeshit",-0.6
"141","apocalyptic",-0.4
"142","apologise",-0.2
"143","apologised",-0.2
"144","apologises",-0.2
"145","apologising",-0.2
"146","apologize",-0.2
"147","apologized",-0.2
"148","apologizes",-0.2
"149","apologizing",-0.2
"150","apology",-0.2
"151","appalled",-0.4
"152","appalling",-0.4
"167","apprehensive",-0.4
"172","arrest",-0.4
"173","arrested",-0.6
"174","arrests",-0.4
"175","arrogant",-0.4
"176","ashame",-0.4
"177","ashamed",-0.4
"178","ass",-0.8
"179","assassination",-0.6
"180","assassinations",-0.6
"183","assfucking",-0.8
"184","asshole",-0.8
"191","attack",-0.2
"192","attacked",-0.2
"193","attacking",-0.2
"194","attacks",-0.2
"203","avert",-0.2
"204","averted",-0.2
"205","averts",-0.2
"207","avoid",-0.2
"208","avoided",-0.2
"209","avoids",-0.2
"210","await",-0.2
"211","awaited",-0.2
"212","awaits",-0.2
"217","awful",-0.6
"218","awkward",-0.4
"219","axe",-0.2
"220","axed",-0.2
"224","bad",-0.6
"225","badass",-0.6
"226","badly",-0.6
"227","bailout",-0.4
"228","bamboozle",-0.4
"229","bamboozled",-0.4
"230","bamboozles",-0.4
"231","ban",-0.4
"232","banish",-0.2
"233","bankrupt",-0.6
"234","bankster",-0.6
"235","banned",-0.4
"237","barrier",-0.4
"238","bastard",-1
"239","bastards",-1
"240","battle",-0.2
"241","battles",-0.2
"242","beaten",-0.4
"244","beating",-0.2
"249","belittle",-0.4
"250","belittled",-0.4
"256","bereave",-0.4
"257","bereaved",-0.4
"258","bereaves",-0.4
"259","bereaving",-0.4
"261","betray",-0.6
"262","betrayal",-0.6
"263","betrayed",-0.6
"264","betraying",-0.6
"265","betrays",-0.6
"267","bias",-0.2
"268","biased",-0.4
"270","bitch",-1
"271","bitches",-1
"272","bitter",-0.4
"273","bitterly",-0.4
"274","bizarre",-0.4
"275","blah",-0.4
"276","blame",-0.4
"277","blamed",-0.4
"278","blames",-0.4
"279","blaming",-0.4
"283","blind",-0.2
"287","block",-0.2
"289","blocked",-0.2
"290","blocking",-0.2
"291","blocks",-0.2
"292","bloody",-0.6
"293","blurry",-0.4
"294","boastful",-0.4
"297","bomb",-0.2
"302","bore",-0.4
"303","bored",-0.4
"304","boring",-0.6
"305","bother",-0.4
"306","bothered",-0.4
"307","bothers",-0.4
"308","bothersome",-0.4
"309","boycott",-0.4
"310","boycotted",-0.4
"311","boycotting",-0.4
"312","boycotts",-0.4
"313","brainwashing",-0.6
"317","bribe",-0.6
"323","broke",-0.2
"324","broken",-0.2
"325","brooding",-0.4
"326","bullied",-0.4
"327","bullshit",-0.8
"328","bully",-0.4
"329","bullying",-0.4
"330","bummer",-0.4
"332","burden",-0.4
"333","burdened",-0.4
"334","burdening",-0.4
"335","burdens",-0.4
"340","can't stand",-0.6
"341","cancel",-0.2
"342","cancelled",-0.2
"343","cancelling",-0.2
"344","cancels",-0.2
"345","cancer",-0.2
"352","careless",-0.4
"354","cashing in",-0.4
"355","casualty",-0.4
"356","catastrophe",-0.6
"357","catastrophic",-0.8
"358","cautious",-0.2
"363","censor",-0.4
"364","censored",-0.4
"365","censors",-0.4
"367","chagrin",-0.4
"368","chagrined",-0.4
"369","challenge",-0.2
"372","chaos",-0.4
"373","chaotic",-0.4
"374","charged",-0.6
"375","charges",-0.4
"378","charmless",-0.6
"379","chastise",-0.6
"380","chastised",-0.6
"381","chastises",-0.6
"382","chastising",-0.6
"383","cheat",-0.6
"384","cheated",-0.6
"385","cheater",-0.6
"386","cheaters",-0.6
"387","cheats",-0.6
"392","cheerless",-0.4
"400","childish",-0.4
"401","chilling",-0.2
"402","choke",-0.4
"403","choked",-0.4
"404","chokes",-0.4
"405","choking",-0.4
"408","clash",-0.4
"417","clouded",-0.2
"418","clueless",-0.4
"419","cock",-1
"420","cocksucker",-1
"421","cocksuckers",-1
"422","cocky",-0.4
"423","coerced",-0.4
"424","collapse",-0.4
"425","collapsed",-0.4
"426","collapses",-0.4
"427","collapsing",-0.4
"428","collide",-0.2
"429","collides",-0.2
"430","colliding",-0.2
"431","collision",-0.4
"432","collisions",-0.4
"433","colluding",-0.6
"434","combat",-0.2
"435","combats",-0.2
"452","complacent",-0.4
"453","complain",-0.4
"454","complained",-0.4
"455","complains",-0.4
"461","condemn",-0.4
"462","condemnation",-0.4
"463","condemned",-0.4
"464","condemns",-0.4
"467","conflict",-0.4
"468","conflicting",-0.4
"469","conflictive",-0.4
"470","conflicts",-0.4
"471","confuse",-0.4
"472","confused",-0.4
"473","confusing",-0.4
"481","conspiracy",-0.6
"482","constrained",-0.4
"483","contagion",-0.4
"484","contagions",-0.4
"485","contagious",-0.2
"486","contempt",-0.4
"487","contemptuous",-0.4
"488","contemptuously",-0.4
"489","contend",-0.2
"490","contender",-0.2
"491","contending",-0.2
"492","contentious",-0.4
"493","contestable",-0.4
"494","controversial",-0.4
"495","controversially",-0.4
"502","cornered",-0.4
"503","corpse",-0.2
"504","costly",-0.4
"509","cover-up",-0.6
"510","coward",-0.4
"511","cowardly",-0.4
"513","cramp",-0.2
"514","crap",-0.6
"515","crash",-0.4
"516","crazier",-0.4
"517","craziest",-0.4
"518","crazy",-0.4
"520","crestfallen",-0.4
"521","cried",-0.4
"522","cries",-0.4
"523","crime",-0.6
"524","criminal",-0.6
"525","criminals",-0.6
"526","crisis",-0.6
"527","critic",-0.4
"528","criticism",-0.4
"529","criticize",-0.4
"530","criticized",-0.4
"531","criticizes",-0.4
"532","criticizing",-0.4
"533","critics",-0.4
"534","cruel",-0.6
"535","cruelty",-0.6
"536","crush",-0.2
"537","crushed",-0.4
"538","crushes",-0.2
"539","crushing",-0.2
"540","cry",-0.2
"541","crying",-0.4
"542","cunt",-1
"544","curse",-0.2
"545","cut",-0.2
"547","cuts",-0.2
"548","cutting",-0.2
"549","cynic",-0.4
"550","cynical",-0.4
"551","cynicism",-0.4
"552","damage",-0.6
"553","damages",-0.6
"554","damn",-0.8
"555","damned",-0.8
"556","damnit",-0.8
"557","danger",-0.4
"560","darkest",-0.4
"561","darkness",-0.2
"563","dead",-0.6
"564","deadlock",-0.4
"565","deafening",-0.2
"568","death",-0.4
"570","debt",-0.4
"571","deceit",-0.6
"572","deceitful",-0.6
"573","deceive",-0.6
"574","deceived",-0.6
"575","deceives",-0.6
"576","deceiving",-0.6
"577","deception",-0.6
"580","defeated",-0.4
"581","defect",-0.6
"582","defects",-0.6
"585","defenseless",-0.4
"586","defer",-0.2
"587","deferring",-0.2
"588","defiant",-0.2
"589","deficit",-0.4
"590","degrade",-0.4
"591","degraded",-0.4
"592","degrades",-0.4
"593","dehumanize",-0.4
"594","dehumanized",-0.4
"595","dehumanizes",-0.4
"596","dehumanizing",-0.4
"597","deject",-0.4
"598","dejected",-0.4
"599","dejecting",-0.4
"600","dejects",-0.4
"601","delay",-0.2
"602","delayed",-0.2
"607","demand",-0.2
"608","demanded",-0.2
"609","demanding",-0.2
"610","demands",-0.2
"611","demonstration",-0.2
"612","demoralized",-0.4
"613","denied",-0.4
"614","denier",-0.4
"615","deniers",-0.4
"616","denies",-0.4
"617","denounce",-0.4
"618","denounces",-0.4
"619","deny",-0.4
"620","denying",-0.4
"621","depressed",-0.4
"622","depressing",-0.4
"623","derail",-0.4
"624","derailed",-0.4
"625","derails",-0.4
"626","deride",-0.4
"627","derided",-0.4
"628","derides",-0.4
"629","deriding",-0.4
"630","derision",-0.4
"635","despair",-0.6
"636","despairing",-0.6
"637","despairs",-0.6
"638","desperate",-0.6
"639","desperately",-0.6
"640","despondent",-0.6
"641","destroy",-0.6
"642","destroyed",-0.6
"643","destroying",-0.6
"644","destroys",-0.6
"645","destruction",-0.6
"646","destructive",-0.6
"647","detached",-0.2
"648","detain",-0.4
"649","detained",-0.4
"650","detention",-0.4
"652","devastate",-0.4
"653","devastated",-0.4
"654","devastating",-0.4
"657","dick",-0.8
"658","dickhead",-0.8
"659","die",-0.6
"660","died",-0.6
"661","difficult",-0.2
"662","diffident",-0.4
"663","dilemma",-0.2
"664","dipshit",-0.6
"665","dire",-0.6
"666","direful",-0.6
"667","dirt",-0.4
"668","dirtier",-0.4
"669","dirtiest",-0.4
"670","dirty",-0.4
"671","disabling",-0.2
"672","disadvantage",-0.4
"673","disadvantaged",-0.4
"674","disappear",-0.2
"675","disappeared",-0.2
"676","disappears",-0.2
"677","disappoint",-0.4
"678","disappointed",-0.4
"679","disappointing",-0.4
"680","disappointment",-0.4
"681","disappointments",-0.4
"682","disappoints",-0.4
"683","disaster",-0.4
"684","disasters",-0.4
"685","disastrous",-0.6
"686","disbelieve",-0.4
"687","discard",-0.2
"688","discarded",-0.2
"689","discarding",-0.2
"690","discards",-0.2
"691","disconsolate",-0.4
"692","disconsolation",-0.4
"693","discontented",-0.4
"694","discord",-0.4
"695","discounted",-0.2
"696","discouraged",-0.4
"697","discredited",-0.4
"698","disdain",-0.4
"699","disgrace",-0.4
"700","disgraced",-0.4
"701","disguise",-0.2
"702","disguised",-0.2
"703","disguises",-0.2
"704","disguising",-0.2
"705","disgust",-0.6
"706","disgusted",-0.6
"707","disgusting",-0.6
"708","disheartened",-0.4
"709","dishonest",-0.4
"710","disillusioned",-0.4
"711","disinclined",-0.4
"712","disjointed",-0.4
"713","dislike",-0.4
"714","dismal",-0.4
"715","dismayed",-0.4
"716","disorder",-0.4
"717","disorganized",-0.4
"718","disoriented",-0.4
"719","disparage",-0.4
"720","disparaged",-0.4
"721","disparages",-0.4
"722","disparaging",-0.4
"723","displeased",-0.4
"724","dispute",-0.4
"725","disputed",-0.4
"726","disputes",-0.4
"727","disputing",-0.4
"728","disqualified",-0.4
"729","disquiet",-0.4
"730","disregard",-0.4
"731","disregarded",-0.4
"732","disregarding",-0.4
"733","disregards",-0.4
"734","disrespect",-0.4
"735","disrespected",-0.4
"736","disruption",-0.4
"737","disruptions",-0.4
"738","disruptive",-0.4
"739","dissatisfied",-0.4
"740","distort",-0.4
"741","distorted",-0.4
"742","distorting",-0.4
"743","distorts",-0.4
"744","distract",-0.4
"745","distracted",-0.4
"746","distraction",-0.4
"747","distracts",-0.4
"748","distress",-0.4
"749","distressed",-0.4
"750","distresses",-0.4
"751","distressing",-0.4
"752","distrust",-0.6
"753","distrustful",-0.6
"754","disturb",-0.4
"755","disturbed",-0.4
"756","disturbing",-0.4
"757","disturbs",-0.4
"758","dithering",-0.4
"759","dizzy",-0.2
"760","dodging",-0.4
"761","dodgy",-0.4
"762","does not work",-0.6
"763","dolorous",-0.4
"764","dont like",-0.4
"765","doom",-0.4
"766","doomed",-0.4
"767","doubt",-0.2
"768","doubted",-0.2
"769","doubtful",-0.2
"770","doubting",-0.2
"771","doubts",-0.2
"772","douche",-0.6
"773","douchebag",-0.6
"774","downcast",-0.4
"775","downhearted",-0.4
"776","downside",-0.4
"777","drag",-0.2
"778","dragged",-0.2
"779","drags",-0.2
"780","drained",-0.4
"781","dread",-0.4
"782","dreaded",-0.4
"783","dreadful",-0.6
"784","dreading",-0.4
"787","dreary",-0.4
"788","droopy",-0.4
"789","drop",-0.2
"790","drown",-0.4
"791","drowned",-0.4
"792","drowns",-0.4
"793","drunk",-0.4
"794","dubious",-0.4
"795","dud",-0.4
"796","dull",-0.4
"797","dumb",-0.6
"798","dumbass",-0.6
"799","dump",-0.2
"800","dumped",-0.4
"801","dumps",-0.2
"802","dupe",-0.4
"803","duped",-0.4
"804","dysfunction",-0.4
"810","eerie",-0.4
"811","eery",-0.4
"818","embarrass",-0.4
"819","embarrassed",-0.4
"820","embarrasses",-0.4
"821","embarrassing",-0.4
"822","embarrassment",-0.4
"823","embittered",-0.4
"825","emergency",-0.4
"827","emptiness",-0.2
"828","empty",-0.2
"838","enemies",-0.4
"839","enemy",-0.4
"851","ennui",-0.4
"852","enrage",-0.4
"853","enraged",-0.4
"854","enrages",-0.4
"855","enraging",-0.4
"857","enslave",-0.4
"858","enslaved",-0.4
"859","enslaves",-0.4
"868","envies",-0.2
"869","envious",-0.4
"870","envy",-0.2
"871","envying",-0.2
"872","erroneous",-0.4
"873","error",-0.4
"874","errors",-0.4
"875","escape",-0.2
"876","escapes",-0.2
"877","escaping",-0.2
"882","eviction",-0.2
"883","evil",-0.6
"884","exaggerate",-0.4
"885","exaggerated",-0.4
"886","exaggerates",-0.4
"887","exaggerating",-0.4
"895","exclude",-0.2
"896","excluded",-0.4
"897","exclusion",-0.2
"899","excuse",-0.2
"900","exempt",-0.2
"901","exhausted",-0.4
"911","expel",-0.4
"912","expelled",-0.4
"913","expelling",-0.4
"914","expels",-0.4
"915","exploit",-0.4
"916","exploited",-0.4
"917","exploiting",-0.4
"918","exploits",-0.4
"921","expose",-0.2
"922","exposed",-0.2
"923","exposes",-0.2
"924","exposing",-0.2
"931","fad",-0.4
"932","fag",-0.6
"933","faggot",-0.6
"934","faggots",-0.6
"935","fail",-0.4
"936","failed",-0.4
"937","failing",-0.4
"938","fails",-0.4
"939","failure",-0.4
"940","failures",-0.4
"941","fainthearted",-0.4
"945","fake",-0.6
"946","fakes",-0.6
"947","faking",-0.6
"948","fallen",-0.4
"949","falling",-0.2
"950","falsified",-0.6
"951","falsify",-0.6
"955","farce",-0.2
"960","fascist",-0.4
"961","fascists",-0.4
"962","fatalities",-0.6
"963","fatality",-0.6
"964","fatigue",-0.4
"965","fatigued",-0.4
"966","fatigues",-0.4
"967","fatiguing",-0.4
"974","fear",-0.4
"975","fearful",-0.4
"976","fearing",-0.4
"978","fearsome",-0.4
"979","fed up",-0.6
"980","feeble",-0.4
"982","felonies",-0.6
"983","felony",-0.6
"987","fiasco",-0.6
"988","fidgety",-0.4
"989","fight",-0.2
"991","fire",-0.4
"992","fired",-0.4
"993","firing",-0.4
"997","flees",-0.2
"998","flop",-0.4
"999","flops",-0.4
"1000","flu",-0.4
"1001","flustered",-0.4
"1005","fool",-0.4
"1006","foolish",-0.4
"1007","fools",-0.4
"1008","forced",-0.2
"1009","foreclosure",-0.4
"1010","foreclosures",-0.4
"1011","forget",-0.2
"1012","forgetful",-0.4
"1015","forgotten",-0.2
"1017","frantic",-0.2
"1018","fraud",-0.8
"1019","frauds",-0.8
"1020","fraudster",-0.8
"1021","fraudsters",-0.8
"1022","fraudulence",-0.8
"1023","fraudulent",-0.8
"1026","frenzy",-0.6
"1029","fright",-0.4
"1030","frightened",-0.4
"1031","frightening",-0.6
"1032","frikin",-0.4
"1034","frowning",-0.2
"1035","frustrate",-0.4
"1036","frustrated",-0.4
"1037","frustrates",-0.4
"1038","frustrating",-0.4
"1039","frustration",-0.4
"1041","fuck",-0.8
"1042","fucked",-0.8
"1043","fucker",-0.8
"1044","fuckers",-0.8
"1045","fuckface",-0.8
"1046","fuckhead",-0.8
"1047","fucking",-0.8
"1048","fucktard",-0.8
"1049","fud",-0.6
"1050","fuked",-0.8
"1051","fuking",-0.8
"1055","fuming",-0.4
"1057","funeral",-0.2
"1058","funerals",-0.2
"1062","furious",-0.6
"1064","gag",-0.4
"1065","gagged",-0.4
"1075","ghost",-0.2
"1076","giddy",-0.4
"1083","gloom",-0.2
"1084","gloomy",-0.4
"1087","glum",-0.4
"1089","goddamn",-0.6
"1102","grave",-0.4
"1103","gray",-0.2
"1107","greed",-0.6
"1108","greedy",-0.4
"1109","green wash",-0.6
"1110","green washing",-0.6
"1111","greenwash",-0.6
"1112","greenwasher",-0.6
"1113","greenwashers",-0.6
"1114","greenwashing",-0.6
"1120","grey",-0.2
"1121","grief",-0.4
"1122","grieved",-0.4
"1123","gross",-0.4
"1127","guilt",-0.6
"1128","guilty",-0.6
"1129","gullibility",-0.4
"1130","gullible",-0.4
"1131","gun",-0.2
"1133","hacked",-0.2
"1139","hapless",-0.4
"1140","haplessness",-0.4
"1143","hard",-0.2
"1145","hardship",-0.4
"1147","harm",-0.4
"1148","harmed",-0.4
"1149","harmful",-0.4
"1150","harming",-0.4
"1151","harms",-0.4
"1152","harried",-0.4
"1153","harsh",-0.4
"1154","harsher",-0.4
"1155","harshest",-0.4
"1156","hate",-0.6
"1157","hated",-0.6
"1158","haters",-0.6
"1159","hates",-0.6
"1160","hating",-0.6
"1161","haunt",-0.2
"1162","haunted",-0.4
"1164","haunts",-0.2
"1165","havoc",-0.4
"1167","heartbreaking",-0.6
"1168","heartbroken",-0.6
"1172","heavyhearted",-0.4
"1173","hell",-0.8
"1177","helpless",-0.4
"1182","hesitant",-0.4
"1183","hesitate",-0.4
"1184","hid",-0.2
"1185","hide",-0.2
"1186","hides",-0.2
"1187","hiding",-0.2
"1190","hindrance",-0.4
"1191","hoax",-0.4
"1192","homesick",-0.4
"1200","hooligan",-0.4
"1201","hooliganism",-0.4
"1202","hooligans",-0.4
"1206","hopeless",-0.4
"1207","hopelessness",-0.4
"1210","horrendous",-0.6
"1211","horrible",-0.6
"1212","horrific",-0.6
"1213","horrified",-0.6
"1214","hostile",-0.4
"1215","huckster",-0.4
"1220","humiliated",-0.6
"1221","humiliation",-0.6
"1226","hunger",-0.4
"1228","hurt",-0.4
"1229","hurting",-0.4
"1230","hurts",-0.4
"1231","hypocritical",-0.4
"1232","hysteria",-0.6
"1233","hysterical",-0.6
"1234","hysterics",-0.6
"1235","idiot",-0.6
"1236","idiotic",-0.6
"1237","ignorance",-0.4
"1238","ignorant",-0.4
"1239","ignore",-0.2
"1240","ignored",-0.4
"1241","ignores",-0.2
"1242","ill",-0.4
"1243","illegal",-0.6
"1244","illiteracy",-0.4
"1245","illness",-0.4
"1246","illnesses",-0.4
"1247","imbecile",-0.6
"1248","immobilized",-0.2
"1251","impatient",-0.4
"1252","imperfect",-0.4
"1255","impose",-0.2
"1256","imposed",-0.2
"1257","imposes",-0.2
"1258","imposing",-0.2
"1259","impotent",-0.4
"1264","imprisoned",-0.4
"1270","inability",-0.4
"1271","inaction",-0.4
"1272","inadequate",-0.4
"1273","incapable",-0.4
"1274","incapacitated",-0.4
"1275","incensed",-0.4
"1276","incompetence",-0.4
"1277","incompetent",-0.4
"1278","inconsiderate",-0.4
"1279","inconvenience",-0.4
"1280","inconvenient",-0.4
"1283","indecisive",-0.4
"1285","indifference",-0.4
"1286","indifferent",-0.4
"1287","indignant",-0.4
"1288","indignation",-0.4
"1289","indoctrinate",-0.4
"1290","indoctrinated",-0.4
"1291","indoctrinates",-0.4
"1292","indoctrinating",-0.4
"1293","ineffective",-0.4
"1294","ineffectively",-0.4
"1297","infected",-0.4
"1298","inferior",-0.4
"1299","inflamed",-0.4
"1301","infringement",-0.4
"1302","infuriate",-0.4
"1303","infuriated",-0.4
"1304","infuriates",-0.4
"1305","infuriating",-0.4
"1306","inhibit",-0.2
"1307","injured",-0.4
"1308","injury",-0.4
"1309","injustice",-0.4
"1314","inquisition",-0.4
"1316","insane",-0.4
"1317","insanity",-0.4
"1318","insecure",-0.4
"1319","insensitive",-0.4
"1320","insensitivity",-0.4
"1321","insignificant",-0.4
"1322","insipid",-0.4
"1329","insult",-0.4
"1330","insulted",-0.4
"1331","insulting",-0.4
"1332","insults",-0.4
"1341","interrogated",-0.4
"1342","interrupt",-0.4
"1343","interrupted",-0.4
"1344","interrupting",-0.4
"1345","interruption",-0.4
"1346","interrupts",-0.4
"1347","intimidate",-0.4
"1348","intimidated",-0.4
"1349","intimidates",-0.4
"1350","intimidating",-0.4
"1351","intimidation",-0.4
"1358","irate",-0.6
"1359","ironic",-0.2
"1360","irony",-0.2
"1361","irrational",-0.2
"1363","irresolute",-0.4
"1365","irreversible",-0.2
"1366","irritate",-0.6
"1367","irritated",-0.6
"1368","irritating",-0.6
"1369","isolated",-0.2
"1370","itchy",-0.4
"1371","jackass",-0.8
"1372","jackasses",-0.8
"1373","jailed",-0.4
"1375","jealous",-0.4
"1376","jeopardy",-0.4
"1377","jerk",-0.6
"1390","joyless",-0.4
"1393","jumpy",-0.2
"1398","kill",-0.6
"1399","killed",-0.6
"1400","killing",-0.6
"1401","kills",-0.6
"1406","lack",-0.4
"1407","lackadaisical",-0.4
"1408","lag",-0.2
"1409","lagged",-0.4
"1410","lagging",-0.4
"1411","lags",-0.4
"1412","lame",-0.4
"1421","lawsuit",-0.4
"1422","lawsuits",-0.4
"1423","lazy",-0.2
"1424","leak",-0.2
"1425","leaked",-0.2
"1426","leave",-0.2
"1430","lethargic",-0.4
"1431","lethargy",-0.4
"1432","liar",-0.6
"1433","liars",-0.6
"1434","libelous",-0.4
"1435","lied",-0.4
"1441","limitation",-0.2
"1442","limited",-0.2
"1443","limits",-0.2
"1444","litigation",-0.2
"1445","litigious",-0.4
"1447","livid",-0.4
"1450","loathe",-0.6
"1451","loathed",-0.6
"1452","loathes",-0.6
"1453","loathing",-0.6
"1454","lobby",-0.4
"1455","lobbying",-0.4
"1457","lonely",-0.4
"1458","lonesome",-0.4
"1459","longing",-0.2
"1460","loom",-0.2
"1461","loomed",-0.2
"1462","looming",-0.2
"1463","looms",-0.2
"1464","loose",-0.6
"1465","looses",-0.6
"1466","loser",-0.6
"1467","losing",-0.6
"1468","loss",-0.6
"1469","lost",-0.6
"1476","lowest",-0.2
"1482","lugubrious",-0.4
"1483","lunatic",-0.6
"1484","lunatics",-0.6
"1485","lurk",-0.2
"1486","lurking",-0.2
"1487","lurks",-0.2
"1488","mad",-0.6
"1489","maddening",-0.6
"1490","made-up",-0.2
"1491","madly",-0.6
"1492","madness",-0.6
"1493","mandatory",-0.2
"1494","manipulated",-0.2
"1495","manipulating",-0.2
"1496","manipulation",-0.2
"1506","meaningless",-0.4
"1508","mediocrity",-0.6
"1510","melancholy",-0.4
"1511","menace",-0.4
"1512","menaced",-0.4
"1515","mess",-0.4
"1516","messed",-0.4
"1517","messing up",-0.4
"1519","mindless",-0.4
"1524","misbehave",-0.4
"1525","misbehaved",-0.4
"1526","misbehaves",-0.4
"1527","misbehaving",-0.4
"1528","mischief",-0.2
"1529","mischiefs",-0.2
"1530","miserable",-0.6
"1531","misery",-0.4
"1532","misgiving",-0.4
"1533","misinformation",-0.4
"1534","misinformed",-0.4
"1535","misinterpreted",-0.4
"1536","misleading",-0.6
"1537","misread",-0.2
"1538","misreporting",-0.4
"1539","misrepresentation",-0.4
"1540","miss",-0.4
"1541","missed",-0.4
"1542","missing",-0.4
"1543","mistake",-0.4
"1544","mistaken",-0.4
"1545","mistakes",-0.4
"1546","mistaking",-0.4
"1547","misunderstand",-0.4
"1548","misunderstanding",-0.4
"1549","misunderstands",-0.4
"1550","misunderstood",-0.4
"1551","moan",-0.4
"1552","moaned",-0.4
"1553","moaning",-0.4
"1554","moans",-0.4
"1555","mock",-0.4
"1556","mocked",-0.4
"1557","mocking",-0.4
"1558","mocks",-0.4
"1559","mongering",-0.4
"1560","monopolize",-0.4
"1561","monopolized",-0.4
"1562","monopolizes",-0.4
"1563","monopolizing",-0.4
"1564","moody",-0.2
"1565","mope",-0.2
"1566","moping",-0.2
"1567","moron",-0.6
"1568","motherfucker",-1
"1569","motherfucking",-1
"1574","mourn",-0.4
"1575","mourned",-0.4
"1576","mournful",-0.4
"1577","mourning",-0.4
"1578","mourns",-0.4
"1579","mumpish",-0.4
"1580","murder",-0.4
"1581","murderer",-0.4
"1582","murdering",-0.6
"1583","murderous",-0.6
"1584","murders",-0.4
"1585","myth",-0.2
"1586","n00b",-0.4
"1587","naive",-0.4
"1588","nasty",-0.6
"1590","na√Øve",-0.4
"1591","needy",-0.4
"1592","negative",-0.4
"1593","negativity",-0.4
"1594","neglect",-0.4
"1595","neglected",-0.4
"1596","neglecting",-0.4
"1597","neglects",-0.4
"1598","nerves",-0.2
"1599","nervous",-0.4
"1600","nervously",-0.4
"1603","niggas",-1
"1604","nigger",-1
"1605","no",-0.2
"1606","no fun",-0.6
"1608","noisy",-0.2
"1609","nonsense",-0.4
"1610","noob",-0.4
"1611","nosey",-0.4
"1612","not good",-0.4
"1613","not working",-0.6
"1614","notorious",-0.4
"1616","numb",-0.2
"1617","nuts",-0.6
"1618","obliterate",-0.4
"1619","obliterated",-0.4
"1620","obnoxious",-0.6
"1621","obscene",-0.4
"1623","obsolete",-0.4
"1624","obstacle",-0.4
"1625","obstacles",-0.4
"1626","obstinate",-0.4
"1627","odd",-0.4
"1628","offend",-0.4
"1629","offended",-0.4
"1630","offender",-0.4
"1631","offending",-0.4
"1632","offends",-0.4
"1633","offline",-0.2
"1639","oppressed",-0.4
"1640","oppressive",-0.4
"1643","optionless",-0.4
"1644","outcry",-0.4
"1645","outmaneuvered",-0.4
"1646","outrage",-0.6
"1647","outraged",-0.6
"1651","overload",-0.2
"1652","overlooked",-0.2
"1653","overreact",-0.4
"1654","overreacted",-0.4
"1655","overreaction",-0.4
"1656","overreacts",-0.4
"1657","oversell",-0.4
"1658","overselling",-0.4
"1659","oversells",-0.4
"1660","oversimplification",-0.4
"1661","oversimplified",-0.4
"1662","oversimplifies",-0.4
"1663","oversimplify",-0.4
"1664","overstatement",-0.4
"1665","overstatements",-0.4
"1666","overweight",-0.2
"1667","oxymoron",-0.2
"1668","pain",-0.4
"1669","pained",-0.4
"1670","panic",-0.6
"1671","panicked",-0.6
"1672","panics",-0.6
"1674","paradox",-0.2
"1679","parley",-0.2
"1681","passive",-0.2
"1682","passively",-0.2
"1683","pathetic",-0.4
"1684","pay",-0.2
"1688","penalty",-0.4
"1689","pensive",-0.2
"1694","peril",-0.4
"1695","perjury",-0.6
"1696","perpetrator",-0.4
"1697","perpetrators",-0.4
"1698","perplexed",-0.4
"1699","persecute",-0.4
"1700","persecuted",-0.4
"1701","persecutes",-0.4
"1702","persecuting",-0.4
"1703","perturbed",-0.4
"1704","pesky",-0.4
"1705","pessimism",-0.4
"1706","pessimistic",-0.4
"1707","petrified",-0.4
"1708","phobic",-0.4
"1710","pileup",-0.2
"1711","pique",-0.4
"1712","piqued",-0.4
"1713","piss",-0.8
"1714","pissed",-0.8
"1715","pissing",-0.6
"1716","piteous",-0.4
"1717","pitied",-0.2
"1718","pity",-0.4
"1724","poised",-0.4
"1725","poison",-0.4
"1726","poisoned",-0.4
"1727","poisons",-0.4
"1728","pollute",-0.4
"1729","polluted",-0.4
"1730","polluter",-0.4
"1731","polluters",-0.4
"1732","pollutes",-0.4
"1733","poor",-0.4
"1734","poorer",-0.4
"1735","poorest",-0.4
"1739","possessive",-0.4
"1740","postpone",-0.2
"1741","postponed",-0.2
"1742","postpones",-0.2
"1743","postponing",-0.2
"1744","poverty",-0.2
"1746","powerless",-0.4
"1754","prblm",-0.4
"1755","prblms",-0.4
"1757","pressure",-0.2
"1758","pressured",-0.4
"1759","pretend",-0.2
"1760","pretending",-0.2
"1761","pretends",-0.2
"1763","prevent",-0.2
"1764","prevented",-0.2
"1765","preventing",-0.2
"1766","prevents",-0.2
"1767","prick",-1
"1768","prison",-0.4
"1769","prisoner",-0.4
"1770","prisoners",-0.4
"1773","problem",-0.4
"1774","problems",-0.4
"1775","profiteer",-0.4
"1785","propaganda",-0.4
"1786","prosecute",-0.2
"1787","prosecuted",-0.4
"1788","prosecutes",-0.2
"1789","prosecution",-0.2
"1796","protest",-0.4
"1797","protesters",-0.4
"1798","protesting",-0.4
"1799","protests",-0.4
"1802","provoke",-0.2
"1803","provoked",-0.2
"1804","provokes",-0.2
"1805","provoking",-0.2
"1806","pseudoscience",-0.6
"1807","punish",-0.4
"1808","punished",-0.4
"1809","punishes",-0.4
"1810","punitive",-0.4
"1811","pushy",-0.2
"1812","puzzled",-0.4
"1813","quaking",-0.4
"1814","questionable",-0.4
"1815","questioned",-0.2
"1816","questioning",-0.2
"1817","racism",-0.6
"1818","racist",-0.6
"1819","racists",-0.6
"1820","rage",-0.4
"1821","rageful",-0.4
"1822","rainy",-0.2
"1823","rant",-0.6
"1824","ranter",-0.6
"1825","ranters",-0.6
"1826","rants",-0.6
"1827","rape",-0.8
"1828","rapist",-0.8
"1833","rash",-0.4
"1843","rebellion",-0.4
"1844","recession",-0.4
"1845","reckless",-0.4
"1850","refuse",-0.4
"1851","refused",-0.4
"1852","refusing",-0.4
"1853","regret",-0.4
"1854","regretful",-0.4
"1855","regrets",-0.4
"1856","regretted",-0.4
"1857","regretting",-0.4
"1858","reject",-0.2
"1859","rejected",-0.2
"1860","rejecting",-0.2
"1861","rejects",-0.2
"1867","relentless",-0.2
"1875","remorse",-0.4
"1876","repulse",-0.2
"1877","repulsed",-0.4
"1881","resentful",-0.4
"1882","resign",-0.2
"1883","resigned",-0.2
"1884","resigning",-0.2
"1885","resigns",-0.2
"1895","restless",-0.4
"1900","restrict",-0.4
"1901","restricted",-0.4
"1902","restricting",-0.4
"1903","restriction",-0.4
"1904","restricts",-0.4
"1905","retained",-0.2
"1906","retard",-0.4
"1907","retarded",-0.4
"1908","retreat",-0.2
"1909","revenge",-0.4
"1910","revengeful",-0.4
"1919","ridiculous",-0.6
"1920","rig",-0.2
"1921","rigged",-0.2
"1925","riot",-0.4
"1926","riots",-0.4
"1927","risk",-0.4
"1928","risks",-0.4
"1929","rob",-0.4
"1930","robber",-0.4
"1931","robed",-0.4
"1932","robing",-0.4
"1933","robs",-0.4
"1942","ruin",-0.4
"1943","ruined",-0.4
"1944","ruining",-0.4
"1945","ruins",-0.4
"1946","sabotage",-0.4
"1947","sad",-0.4
"1948","sadden",-0.4
"1949","saddened",-0.4
"1950","sadly",-0.4
"1955","sappy",-0.2
"1956","sarcastic",-0.4
"1960","scam",-0.4
"1961","scams",-0.4
"1962","scandal",-0.6
"1963","scandalous",-0.6
"1964","scandals",-0.6
"1965","scapegoat",-0.4
"1966","scapegoats",-0.4
"1967","scare",-0.4
"1968","scared",-0.4
"1969","scary",-0.4
"1970","sceptical",-0.4
"1971","scold",-0.4
"1973","scorn",-0.4
"1974","scornful",-0.4
"1975","scream",-0.4
"1976","screamed",-0.4
"1977","screaming",-0.4
"1978","screams",-0.4
"1979","screwed",-0.4
"1980","screwed up",-0.6
"1981","scumbag",-0.8
"1985","sedition",-0.4
"1986","seditious",-0.4
"1987","seduced",-0.2
"1989","self-deluded",-0.4
"1990","selfish",-0.6
"1991","selfishness",-0.6
"1992","sentence",-0.4
"1993","sentenced",-0.4
"1994","sentences",-0.4
"1995","sentencing",-0.4
"1997","severe",-0.4
"1999","shaky",-0.4
"2000","shame",-0.4
"2001","shamed",-0.4
"2002","shameful",-0.4
"2006","shattered",-0.4
"2007","shit",-0.8
"2008","shithead",-0.8
"2009","shitty",-0.6
"2010","shock",-0.4
"2011","shocked",-0.4
"2012","shocking",-0.4
"2013","shocks",-0.4
"2014","shoot",-0.2
"2015","short-sighted",-0.4
"2016","short-sightedness",-0.4
"2017","shortage",-0.4
"2018","shortages",-0.4
"2019","shrew",-0.8
"2020","shy",-0.2
"2021","sick",-0.4
"2022","sigh",-0.4
"2025","silencing",-0.2
"2026","silly",-0.2
"2031","sinful",-0.6
"2032","singleminded",-0.4
"2033","skeptic",-0.4
"2034","skeptical",-0.4
"2035","skepticism",-0.4
"2036","skeptics",-0.4
"2037","slam",-0.4
"2038","slash",-0.4
"2039","slashed",-0.4
"2040","slashes",-0.4
"2041","slashing",-0.4
"2042","slavery",-0.6
"2043","sleeplessness",-0.4
"2047","sluggish",-0.4
"2048","slut",-1
"2052","smear",-0.4
"2057","smog",-0.4
"2058","sneaky",-0.2
"2059","snub",-0.4
"2060","snubbed",-0.4
"2061","snubbing",-0.4
"2062","snubs",-0.4
"2064","solemn",-0.2
"2073","somber",-0.4
"2075","son-of-a-bitch",-1
"2080","sore",-0.2
"2081","sorrow",-0.4
"2082","sorrowful",-0.4
"2083","sorry",-0.2
"2084","spam",-0.4
"2085","spammer",-0.6
"2086","spammers",-0.6
"2087","spamming",-0.4
"2092","speculative",-0.4
"2095","spiritless",-0.4
"2096","spiteful",-0.4
"2099","squelched",-0.2
"2100","stab",-0.4
"2101","stabbed",-0.4
"2103","stabs",-0.4
"2104","stall",-0.4
"2105","stalled",-0.4
"2106","stalling",-0.4
"2108","stampede",-0.4
"2109","startled",-0.4
"2110","starve",-0.4
"2111","starved",-0.4
"2112","starves",-0.4
"2113","starving",-0.4
"2115","steal",-0.4
"2116","steals",-0.4
"2117","stereotype",-0.4
"2118","stereotyped",-0.4
"2119","stifled",-0.2
"2124","stingy",-0.4
"2125","stolen",-0.4
"2126","stop",-0.2
"2127","stopped",-0.2
"2128","stopping",-0.2
"2129","stops",-0.2
"2132","strange",-0.2
"2133","strangely",-0.2
"2134","strangled",-0.4
"2140","stressed",-0.4
"2141","stressor",-0.4
"2142","stressors",-0.4
"2143","stricken",-0.4
"2144","strike",-0.2
"2145","strikers",-0.4
"2146","strikes",-0.2
"2150","struck",-0.2
"2151","struggle",-0.4
"2152","struggled",-0.4
"2153","struggles",-0.4
"2154","struggling",-0.4
"2155","stubborn",-0.4
"2156","stuck",-0.4
"2157","stunned",-0.4
"2159","stupid",-0.4
"2160","stupidly",-0.4
"2164","subversive",-0.4
"2167","suck",-0.6
"2168","sucks",-0.6
"2169","suffer",-0.4
"2170","suffering",-0.4
"2171","suffers",-0.4
"2172","suicidal",-0.4
"2173","suicide",-0.4
"2174","suing",-0.4
"2175","sulking",-0.4
"2176","sulky",-0.4
"2177","sullen",-0.4
"2192","suspect",-0.2
"2193","suspected",-0.2
"2194","suspecting",-0.2
"2195","suspects",-0.2
"2196","suspend",-0.2
"2197","suspended",-0.2
"2198","suspicious",-0.4
"2199","swear",-0.4
"2200","swearing",-0.4
"2201","swears",-0.4
"2205","swindle",-0.6
"2206","swindles",-0.6
"2207","swindling",-0.6
"2210","tard",-0.4
"2211","tears",-0.4
"2213","tense",-0.4
"2214","tension",-0.2
"2215","terrible",-0.6
"2216","terribly",-0.6
"2218","terrified",-0.6
"2219","terror",-0.6
"2220","terrorize",-0.6
"2221","terrorized",-0.6
"2222","terrorizes",-0.6
"2226","thorny",-0.4
"2228","thoughtless",-0.4
"2229","threat",-0.4
"2230","threaten",-0.4
"2231","threatened",-0.4
"2232","threatening",-0.4
"2233","threatens",-0.4
"2234","threats",-0.4
"2236","thwart",-0.4
"2237","thwarted",-0.4
"2238","thwarting",-0.4
"2239","thwarts",-0.4
"2240","timid",-0.4
"2241","timorous",-0.4
"2242","tired",-0.4
"2243","tits",-0.4
"2245","toothless",-0.4
"2248","torn",-0.4
"2249","torture",-0.8
"2250","tortured",-0.8
"2251","tortures",-0.8
"2252","torturing",-0.8
"2253","totalitarian",-0.4
"2254","totalitarianism",-0.4
"2255","tout",-0.4
"2256","touted",-0.4
"2257","touting",-0.4
"2258","touts",-0.4
"2259","tragedy",-0.4
"2260","tragic",-0.4
"2262","trap",-0.2
"2263","trapped",-0.4
"2264","trauma",-0.6
"2265","traumatic",-0.6
"2266","travesty",-0.4
"2267","treason",-0.6
"2268","treasonous",-0.6
"2271","trembling",-0.4
"2272","tremulous",-0.4
"2273","tricked",-0.4
"2274","trickery",-0.4
"2277","trouble",-0.4
"2278","troubled",-0.4
"2279","troubles",-0.4
"2283","tumor",-0.4
"2284","twat",-1
"2285","ugly",-0.6
"2286","unacceptable",-0.4
"2287","unappreciated",-0.4
"2288","unapproved",-0.4
"2289","unaware",-0.4
"2290","unbelievable",-0.2
"2291","unbelieving",-0.2
"2293","uncertain",-0.2
"2294","unclear",-0.2
"2295","uncomfortable",-0.4
"2296","unconcerned",-0.4
"2297","unconfirmed",-0.2
"2298","unconvinced",-0.2
"2299","uncredited",-0.2
"2300","undecided",-0.2
"2301","underestimate",-0.2
"2302","underestimated",-0.2
"2303","underestimates",-0.2
"2304","underestimating",-0.2
"2305","undermine",-0.4
"2306","undermined",-0.4
"2307","undermines",-0.4
"2308","undermining",-0.4
"2309","undeserving",-0.4
"2310","undesirable",-0.4
"2311","uneasy",-0.4
"2312","unemployment",-0.4
"2313","unequal",-0.2
"2315","unethical",-0.4
"2316","unfair",-0.4
"2317","unfocused",-0.4
"2318","unfulfilled",-0.4
"2319","unhappy",-0.4
"2320","unhealthy",-0.4
"2322","unimpressed",-0.4
"2323","unintelligent",-0.4
"2325","unjust",-0.4
"2326","unlovable",-0.4
"2327","unloved",-0.4
"2329","unmotivated",-0.4
"2330","unprofessional",-0.4
"2331","unresearched",-0.4
"2332","unsatisfied",-0.4
"2333","unsecured",-0.4
"2334","unsettled",-0.2
"2335","unsophisticated",-0.4
"2336","unstable",-0.4
"2338","unsupported",-0.4
"2339","unsure",-0.2
"2341","unwanted",-0.4
"2342","unworthy",-0.4
"2343","upset",-0.4
"2344","upsets",-0.4
"2345","upsetting",-0.4
"2346","uptight",-0.4
"2347","urgent",-0.2
"2350","useless",-0.4
"2351","uselessness",-0.4
"2352","vague",-0.4
"2357","verdict",-0.2
"2358","verdicts",-0.2
"2360","vexation",-0.4
"2361","vexing",-0.4
"2363","vicious",-0.4
"2364","victim",-0.6
"2365","victimize",-0.6
"2366","victimized",-0.6
"2367","victimizes",-0.6
"2368","victimizing",-0.6
"2369","victims",-0.6
"2371","vile",-0.6
"2376","violate",-0.4
"2377","violated",-0.4
"2378","violates",-0.4
"2379","violating",-0.4
"2380","violence",-0.6
"2381","violent",-0.6
"2383","virulent",-0.4
"2390","vitriolic",-0.6
"2392","vociferous",-0.2
"2393","vulnerability",-0.4
"2394","vulnerable",-0.4
"2395","walkout",-0.4
"2396","walkouts",-0.4
"2397","wanker",-0.6
"2399","war",-0.4
"2400","warfare",-0.4
"2403","warn",-0.4
"2404","warned",-0.4
"2405","warning",-0.6
"2406","warnings",-0.6
"2407","warns",-0.4
"2408","waste",-0.2
"2409","wasted",-0.4
"2410","wasting",-0.4
"2411","wavering",-0.2
"2412","weak",-0.4
"2413","weakness",-0.4
"2416","weary",-0.4
"2417","weep",-0.4
"2418","weeping",-0.4
"2419","weird",-0.4
"2424","whitewash",-0.6
"2425","whore",-0.8
"2426","wicked",-0.4
"2427","widowed",-0.2
"2437","withdrawal",-0.6
"2438","woebegone",-0.4
"2439","woeful",-0.6
"2446","worn",-0.2
"2447","worried",-0.6
"2448","worry",-0.6
"2449","worrying",-0.6
"2450","worse",-0.6
"2451","worsen",-0.6
"2452","worsened",-0.6
"2453","worsening",-0.6
"2454","worsens",-0.6
"2456","worst",-0.6
"2458","worthless",-0.4
"2463","wrathful",-0.6
"2464","wreck",-0.4
"2465","wrong",-0.4
"2466","wronged",-0.4
"2467","wtf",-0.8
"2473","yucky",-0.4
"2475","zealot",-0.4
"2476","zealots",-0.4
